"集水區ID","說明","Area.ha.","CN加權","2年","5年","10年"
"A","A區"," 0.08","90","0.0200852451730277","0.0233070456562515","0.0239624955286927"
"B","B區"," 2.50","90","0.560354406401474","0.65799613562697","0.679841639226251"
"C","C區"," 2.67","70","0.321721652243093","0.476396937544084","0.536419540257944"
"D","D區","10.00","79","1.60523899477276","2.08169710051457","2.22749508945662"
